{
  "TRANSPARENCY_BACKGROUND": 0,
  "MIN_SATURATION": 150,
  "MIN_HUE": 0,
  "MIN_BRIGHTNESS": 100,
  "MINAXIS_FACTOR": 0.3499999940395355,
  "CENTER_RADIUS": 100,
  "MAXRADIUS": 20,
  "MAX_HUE": 255,
  "LIMITPAN": 0.9900000095367432,
  "MINRADIUS_FACTOR": 0.009999999776482582,
  "MINFREQ": 0.01666666753590107,
  "MIN_PHASE_DIFF": 0.7853981852531433,
  "MINAMP": 0.10000000149011612,
  "MAXAXIS_FACTOR": 0.949999988079071,
  "MAXFREQ": 0.03333333507180214
}